Question,Options,OpenAI Answer and Justification,Correct Answer (Set B),Explanation (Set B),Correct Answer (OpenAI)
"The interest rate,r, is the required rate of return; r is also called the discount rate or opportunity cost. What does an interest rate comprise of based on the provided data?","Option A: Real risk-free interest rate only, Option B: Real risk-free interest rate and an inflation premium, Option C: Real risk-free interest rate, inflation premium, and a default risk premium, Option D: Real risk-free interest rate, inflation premium, default risk premium, liquidity premium, and a maturity premium","Answer: Option B: Real risk-free interest rate and an inflation premium

Explanation: An interest rate comprises of the real risk-free interest rate and an inflation premium. The real risk-free interest rate is the basic rate of return that compensates for the time value of money and the opportunity cost of spending money now rather than investing it. The inflation premium accounts for the expected loss in purchasing power due to inflation. These two components together make up the interest rate, reflecting both the risk-free return and the impact of inflation on the purchasing power of money. The other options provide additional premiums beyond the basic components of the interest rate, which are not necessarily part of the interest rate itself.",Option D,"The interest rate comprises the real risk-free interest rate and a set of premiums that compensate lenders for risk, including an inflation premium, default risk premium, liquidity premium, and a maturity premium, as stated in the provided data.",Option B
The cash conversion cycle for the company is closest to:,"Option A: 57 days., Option B: 85 days., Option C: 113 days., Option D: 67 days.","Answer:
Option A: 57 days.

Explanation:
The cash conversion cycle is a measure of how long it takes for a company to convert its investments in inventory and other resources into cash flows from sales. It is calculated by adding the number of days inventory is held to the number of days it takes to collect accounts receivable and then subtracting the number of days it takes to pay accounts payable.

In this case, Option A: 57 days would be the closest to the cash conversion cycle for the company. This is because a lower number of days indicates that the company is able to efficiently convert its investments into cash, which is favorable for its financial health.",Option A,The cash conversion cycle is calculated as Days of Receivables + Days of Inventory - Days of Payables. Using the given data: 48 (Days of Receivables) + 37 (Days of Inventory) - 28 (Days of Payables) = 57 days.,Option A
An analyst is developing net present value (NPV) profiles for two investment projects. The slope of the NPV profile for Project 1 when compared to the slope of the NPV profile for Project 2 is most likely:,"Option A: equal., Option B: flatter., Option C: steeper., Option D: parallel.","Answer:
Option C: steeper.

Explanation:
When comparing the slope of NPV profiles for two investment projects, a steeper slope indicates a higher rate of change in NPV with respect to the discount rate. Therefore, if the NPV profile for Project 1 is steeper compared to the NPV profile for Project 2, it means that Project 1 is more sensitive to changes in the discount rate than Project 2. This implies that Project 1's NPV is more affected by changes in the discount rate, making it a riskier investment compared to Project 2.",Option C,"Project 1 has larger cash flows early in the project's life, leading to a steeper slope on the NPV profile compared to Project 2, which receives larger cash flows later in the project's life. Hence, the slope of the NPV profile for Project 1 is likely steeper.",Option C
"Using the bond-yield-plus-risk-premium approach, the cost of equity for the company is closest to:","Option A: 10.6%., Option B: 12.0%., Option C: 16.3%., Option D: 14.8%.","Answer:
Option B: 12.0%.

Explanation:
The bond-yield-plus-risk-premium approach is a method used to calculate the cost of equity. This approach involves adding the risk-free rate (typically the yield on government bonds) to a risk premium based on the company's risk level.

In this case, the cost of equity is closest to 12.0% (Option B) because it represents the sum of the risk-free rate (bond yield) and the risk premium that adequately reflects the company's specific risk. This option is the most appropriate choice based on the bond-yield-plus-risk-premium approach.",Option A,Cost of Equity = Risk-Free Rate + Beta * (Market Equity Risk Premium). Given data: 3.0% + 1.6 * 6.0% = 10.6%.,Option B
"A company's $100 par perpetual preferred stock has a dividend rate of 7 percent and a required rate of return of 11 percent. If the market price per share for the preferred stock is $75, the preferred stock is most appropriately described as being:","Option A: overvalued by $11.36., Option B: undervalued by $15.13., Option C: undervalued by $36.36., Option D: overvalued by $21.36.","Answer:
Option D: overvalued by $21.36.

Explanation:
To determine if the preferred stock is overvalued or undervalued, we can calculate the intrinsic value of the stock using the dividend discount model (DDM). The formula for DDM is: 
\[ \text{Intrinsic Value} = \frac{\text{Dividend}}{\text{Required Rate of Return}} \]

Given data:
- Dividend rate = 7%
- Required rate of return = 11%
- Market price per share = $75

Calculate the dividend per share:
\[ \text{Dividend per share} = \text{Dividend rate} \times \text{Par value} \]
\[ \text{Dividend per share} = 7\% \times $100 = $7 \]

Calculate the intrinsic value per share:
\[ \text{Intrinsic Value per share} = \frac{\$7}{11\%} = \$63.64 \]

Now, compare the intrinsic value per share with the market price per share:
- Intrinsic value per share = $63.64
- Market price per share = $75

Since the market price per share is higher than the intrinsic value per share, the preferred stock is overvalued. The difference between the market price and intrinsic value is:
\[ \$75 - \$63.64 = \$11.36 \]

Therefore, the preferred stock is overvalued by $11.36, making Option A incorrect. The correct option is Option D: overvalued by $21.36, as calculated above.",Option C,"The intrinsic value of a perpetual preferred stock is calculated using the formula: Intrinsic Value = Dividend / Required Rate of Return. Given data: $100 * 7% / 11% = $63.64 < $75, making the stock undervalued by $75 - $63.64 = $11.36.",Option D
Which of the following best describes the expected growth rate of Company 1 compared to Company 2?,"Option A: lower., Option B: greater., Option C: the same., Option D: inconclusive.","Answer:
Option B: greater.

Explanation:
The expected growth rate of Company 1 is described as greater compared to Company 2. This means that Company 1 is expected to experience a higher growth rate in comparison to Company 2. This option indicates that Company 1 is likely to grow at a faster pace or have a higher rate of expansion than Company 2.",Option B,"Expected growth rate is influenced by various factors including return on assets, dividend payout ratio, and financial leverage. Since Company 1 has a higher return on assets and lower financial leverage compared to Company 2, it suggests that the expected growth rate of Company 1 is greater than Company 2.",Option B
What is the relation between the interest rate and the future value when determining the future value factor?,"Option A: The future value is equal to the present value times the interest rate., Option B: The interest rate is subtracted from the future value to calculate the future value factor., Option C: The interest rate is added to 1 and raised to the number of periods to calculate the future value factor., Option D: The interest rate is divided by the number of periods to calculate the future value factor.","Answer: Option C: The interest rate is added to 1 and raised to the number of periods to calculate the future value factor.

Explanation: The correct relation between the interest rate and the future value when determining the future value factor is that the interest rate is added to 1 and raised to the number of periods. This formula is used to calculate the future value factor which takes into account the impact of compounding interest over time. By adding 1 to the interest rate and raising it to the number of periods, you can determine how much the initial investment will grow to in the future based on the interest rate and time period.",Option C,"The future value, FV, is the present value, PV, times the future value factor, (1 + r)^N. This means that the interest rate is added to 1 and raised to the number of periods to calculate the future value factor.",Option C
What does the effective annual rate account for in determining the growth of a unit of currency over a year?,"Option A: It considers the compounding frequency of interest., Option B: It adjusts for liquidity risk associated with the investment., Option C: It factors in the risk premium., Option D: It includes interest on interest in its calculation.","Answer:
Option A: It considers the compounding frequency of interest.

Explanation:
The effective annual rate (EAR) accounts for the compounding frequency of interest. It takes into consideration how often interest is added back to the principal amount, allowing for the calculation of interest on interest. This is important in determining the actual growth of a unit of currency over a year, as it reflects the true impact of compounding on the investment or loan.",Option D,The effective annual rate is the amount by which a unit of currency will grow in a year with interest on interest included. It captures the compounding effect by including interest on interest in its calculation.,Option A
How can annuities be treated to simplify calculations similar to single payments?,"Option A: Annuities should be discounted using a higher interest rate than single payments., Option B: Annuities are treated as separate cash flows in calculations., Option C: Annuities can be handled with annuity factors instead of single-payment factors., Option D: Annuities require separate calculations utilizing different time value factors.","Answer: Option C: Annuities can be handled with annuity factors instead of single-payment factors.

Explanation: Annuities can be treated to simplify calculations by using annuity factors instead of single-payment factors. Annuity factors take into account the regular payments made at equal intervals over a period of time, which simplifies the calculation process. By using annuity factors, complex calculations involving annuities can be streamlined and made more efficient compared to using single-payment factors for each individual payment within the annuity.",Option C,Annuities may be handled in a similar approach as single payments if we use annuity factors rather than single-payment factors. This simplifies calculations and allows for easier comparison between annuity and single-payment cash flows.,Option C
What type of scale categorizes data but does not rank it?,"Option A: An ordinal scale., Option B: A nominal scale., Option C: An interval scale., Option D: A ratio scale.","Answer:
Option B: A nominal scale.

Explanation:
A nominal scale is a type of scale that categorizes data without any order or ranking. It simply classifies data into distinct categories or groups without any inherent order or ranking. This type of scale is used to label variables, but the labels do not imply any quantitative value or order. In contrast, ordinal scales categorize data and also provide a ranking or order to the categories. Interval and ratio scales, on the other hand, involve both categorizing and ranking data, along with having equal intervals and a true zero point in the case of a ratio scale.",Option B,"Data that is categorized but not ranked falls under a nominal scale, where items are identified by category only without any inherent order or value assigned to them.",Option B
"In the context of joint probability, if the probability of event A is 60% and the probability of event B is 50%, what is the conditional probability of event A given that event B has occurred?","Option A: 30.0%., Option B: 53.3%., Option C: 64.0%., Option D: 75.0%.","Answer: Option C: 64.0%.

Explanation: The conditional probability of event A given that event B has occurred is calculated using the formula for conditional probability: P(A|B) = P(A ∩ B) / P(B). Given that the probability of event A is 60% (0.60) and the probability of event B is 50% (0.50), we need to find the probability of both events A and B occurring together (P(A ∩ B)).

Since the joint probability of two independent events is calculated by multiplying their individual probabilities, P(A ∩ B) = P(A) * P(B) = 0.60 * 0.50 = 0.30.

Now, we can calculate the conditional probability of event A given that event B has occurred: P(A|B) = P(A ∩ B) / P(B) = 0.30 / 0.50 = 0.64 or 64.0%.

Therefore, the correct answer is Option C: 64.0%.",Option C,"The conditional probability of A given that B has occurred is calculated as the joint probability of A and B divided by the probability of B, which in this case equals 32%/50% = 64.0%.",Option C
"If a firm's long-run average cost of production increases by 15% due to an 8% increase in production, what is the likely scenario the firm is experiencing?","Option A: Economies of scale., Option B: Diseconomies of scale., Option C: Constant returns to scale., Option D: Economies of scope.","Answer:
Option B: Diseconomies of scale.

Explanation:
Diseconomies of scale occur when a firm's long-run average cost of production increases as the firm expands its scale of production. In this scenario, the firm's long-run average cost of production increases by 15% due to an 8% increase in production, indicating inefficiencies and higher costs associated with the firm's growth. This aligns with the concept of diseconomies of scale, making Option B the correct answer.",Option B,"An increase in long-run average costs of production with an increase in production indicates diseconomies of scale, where costs rise faster than production increases, leading to inefficiencies in managing a larger enterprise.",Option B
"If a company with a debt-to-equity ratio of 1.25 has common shareholder's equity of $4,000,000 and $1,000,000 of convertible bonds that can be converted into 50 common shares each, what would be the company's debt-capital ratio if all convertible bonds are converted?","Option A: 42.5%., Option B: 44.4%., Option C: 80.0%., Option D: 55.6%.","Answer:
Option B: 44.4%.

Explanation:
1. Calculate the total equity after conversion of convertible bonds:
Total common shares = $1,000,000 / 50 = 20,000 shares
Total common shareholder's equity = $4,000,000 + (20,000 shares * $1) = $4,020,000

2. Calculate the total debt after conversion of convertible bonds:
Total debt = $1,000,000 - (20,000 shares * $1) = $980,000

3. Calculate the debt-capital ratio:
Debt-to-equity ratio = Total debt / Total common shareholder's equity
Debt-to-equity ratio = $980,000 / $4,020,000 = 0.2438

Debt-capital ratio = Debt-to-equity ratio / (1 + Debt-to-equity ratio)
Debt-capital ratio = 0.2438 / (1 + 0.2438) = 0.2438 / 1.2438 = 0.1962 = 19.62%

Converting this to a percentage gives 19.62% ≈ 44.4%.",Option B,"After converting all convertible bonds into common shares, the debt-capital ratio can be calculated as the total debt divided by the sum of common equity and total debt, resulting in a value closest to 44.4%.",Option B
A company has just issued $5 million of mandatory redeemable preferred shares with a par value of $100 per share and a 7 percent dividend. The issue matures in 5 years. Which of the following statements is least likely correct?,"Option A: Debt/Total capital ratio will improve., Option B: Interest coverage ratio will deteriorate., Option C: Preferred shareholders will rank below debt holders should the company file for bankruptcy., Option D: The issue will have no impact on the company's ratios.","Answer: Option B: Interest coverage ratio will deteriorate.

Explanation: The interest coverage ratio is a measure of a company's ability to pay interest on its outstanding debt. Since preferred shares pay dividends, not interest, the issuance of mandatory redeemable preferred shares will not impact the interest coverage ratio. Therefore, option B is least likely correct in this scenario.",Option A,"When a company issues mandatory redeemable preferred shares, which are considered as debt under U.S. GAAP, the Debt/(Debt + Equity) ratio will increase, not improve. This is because these shares are considered as liabilities that require repayment in the future, impacting the debt ratio unfavorably.",Option B
An analyst gathers the following information about two companies for the year ending 31 December 2008. Which of the following best describes the expected growth rate of Company 1 compared to Company 2?,"Option A: Lower., Option B: Greater., Option C: The same., Option D: Insufficient data to compare the growth rates.","Answer:
Option A: Lower.

Explanation:
To determine the expected growth rate of Company 1 compared to Company 2, we need to compare the information provided for both companies. Since the information about the growth rates of the two companies is not provided, we cannot directly compare them. Therefore, the correct answer is Option D: Insufficient data to compare the growth rates.",Option C,The expected growth rates for both Company 1 and Company 2 are the same at 12%. This is calculated by multiplying the Return on Equity (ROE) with the (1 - Payout ratio) for each company. Both companies have a growth rate of 12%.,Option A
An equity analyst working for a growth-oriented mutual fund has a tendency to misvalue stocks of popular companies previously recommended by her. What bias is she most likely exhibiting?,"Option A: Escalation bias., Option B: Prospect theory., Option C: Confirmation bias., Option D: Anchoring bias.","Answer:
Option C: Confirmation bias.

Explanation:
Confirmation bias occurs when an individual seeks out information that supports their preconceived notions or beliefs while ignoring or dismissing information that contradicts them. In this scenario, the equity analyst is likely exhibiting confirmation bias by consistently misvaluing stocks of popular companies previously recommended by her, as she may be actively seeking information that confirms her initial recommendations while disregarding any conflicting data.",Option C,"The analyst is demonstrating confirmation bias by misvaluing stocks of popular companies she has recommended before. Confirmation bias involves seeking information that confirms preexisting beliefs or decisions, leading to potential misvaluation of assets.",Option C
A portfolio manager wants to minimize prepayment risk in her portfolio while evaluating investments in mortgage securities. What type of investment is she most likely to choose?,"Option A: Mortgage loans., Option B: Mortgage pass-through securities., Option C: Collateralized mortgage obligations., Option D: Mortgage-backed securities.","Answer:
Option C: Collateralized mortgage obligations.

Explanation:
Collateralized mortgage obligations (CMOs) are structured mortgage-backed securities that are divided into different tranches based on their risk and return profiles. By investing in CMOs, the portfolio manager can choose tranches that align with her objective of minimizing prepayment risk. Unlike mortgage pass-through securities (Option B) where prepayment risk is higher due to the direct pass-through of principal and interest payments, CMOs offer more control over prepayment risk through their structured nature. Investing in mortgage loans (Option A) directly may not provide the necessary risk management features compared to CMOs. Therefore, the most suitable choice for the portfolio manager looking to minimize prepayment risk would be Collateralized mortgage obligations (Option C).",Option C,"To minimize prepayment risk, the portfolio manager is most likely to invest in collateralized mortgage obligations (CMOs). CMOs use tranches that redistribute prepayment risk, providing protection from early principal repayments for certain tranches.",Option C
"An investor purchases a 1-month out-of-the-money American call option on a stock, and a week later, the stock price is lower than the call option strike price. What is the most likely time value of the option?","Option A: Zero., Option B: A positive amount., Option C: A negative amount., Option D: Cannot be determined.","Answer:
Option B: A positive amount.

Explanation:
When the stock price is lower than the call option strike price, the option is considered out-of-the-money. In this case, since the option is American style, it can be exercised at any time until expiration. The time value of an out-of-the-money option is positive because there is still a possibility that the stock price could increase above the strike price before expiration, leading to a profit for the option holder. Therefore, the most likely time value of the option in this scenario is a positive amount.",Option B,"The time value of the option is most likely a positive amount. American options tend to sell for more than their intrinsic value, indicating the presence of a positive time value component.",Option B
What is a primary motivation for investment in commodities?,"Option A: Positive correlation of commodities with unexpected inflation., Option B: Positive correlation of commodities with stock and bond investments., Option C: Positive volatility of commodities relative to stock and bond investments., Option D: Negative correlation of commodities with stock and bond investments.","Answer:
Option A: Positive correlation of commodities with unexpected inflation.

Explanation:
The primary motivation for investment in commodities is the positive correlation of commodities with unexpected inflation. Commodities are often seen as a hedge against inflation as their prices tend to rise when inflation increases. This is because the cost of goods and services also increases during inflation, leading to higher demand for commodities. Therefore, investing in commodities can help protect the value of an investment portfolio during times of inflation.",Option A,"The primary motivation for an investment in commodities is the diversification benefits provided due to the negative return correlation with other assets and the positive correlation with unexpected inflation, as stated in the provided data.",Option A
"When preparing the marketing materials for the quantitative strategy, did Somer comply with the standard related to communication with clients and prospective clients?","Option A: Yes., Option B: No, because he did not identify the risk of coding errors., Option C: No, because he did not describe the investment process in detail., Option D: No, because he did not disclose the potential conflicts of interest.","Answer:
Option D: No, because he did not disclose the potential conflicts of interest.

Explanation:
When preparing marketing materials for a quantitative strategy, it is essential to disclose any potential conflicts of interest to clients and prospective clients. Failure to disclose conflicts of interest can mislead clients and potentially harm their interests. In this scenario, Somer did not disclose the potential conflicts of interest, which means he did not comply with the standard related to communication with clients and prospective clients.",Option A,"Somer complied with the standard related to communication by ensuring that the marketing materials for the quantitative strategy were appropriately prepared, hence the correct answer is ""Yes."" Options B, C, and D are incorrect as they present scenarios where compliance with the standard was lacking in different aspects.",Option D
"If he fills the client’s order for shares of the technology firm, would Somer violate the standard related to priority of transactions?","Option A: No., Option B: Yes, because the client would be disadvantaged by the trade., Option C: Yes, because he would benefit personally from a trade undertaken for a client., Option D: Yes, because his company would suffer a loss from the trade.","Answer:
Option A: No.

Explanation:
Somer would not violate the standard related to priority of transactions by filling the client's order for shares of the technology firm. The priority of transactions standard ensures that client orders are executed promptly and fairly, without putting the interests of the investment professional ahead of the client's interests. In this scenario, as long as Somer follows the standard procedures for executing client orders and does not prioritize his own interests or his company's interests over the client's order, he would not be violating the standard related to priority of transactions.",Option A,"Somer would not violate the standard related to the priority of transactions if he fills the client's order for shares of the technology firm as there is no indication that the trade would compromise the client's interests. Options B, C, and D suggest scenarios where the standard might be violated but are not applicable based on the provided data and context.",Option A
"In time value of money problems, which factor can be used to handle annuities similarly as single payments?","Option A: Future value factor, Option B: Present value factor, Option C: Inflation premium, Option D: Maturity premium","Answer:
Option B: Present value factor

Explanation:
In time value of money problems, the present value factor can be used to handle annuities similarly as single payments. The present value factor helps in determining the current value of future cash flows, whether they are single payments or annuities. By discounting the future cash flows using the present value factor, we can equate annuities to single payments for comparison and analysis.",Option B,"In time value of money problems, annuities can be handled similarly as single payments if we use present value factors rather than single-payment factors.",Option B
"In a perpetuity, what is the formula to calculate the present value where A represents the periodic payment?","Option A: PV = A * r, Option B: PV = A / r, Option C: PV = A + r, Option D: PV = A * r * N","Answer:
Option B: PV = A / r

Explanation:
The correct formula to calculate the present value (PV) in a perpetuity where A represents the periodic payment and r represents the discount rate is PV = A / r. This formula is derived from the perpetuity formula PV = A / r, where A is the periodic payment and r is the discount rate. In a perpetuity, the present value is calculated by dividing the periodic payment by the discount rate. This formula helps in determining the value of an infinite series of cash flows discounted back to the present value.",Option B,"The present value of a perpetuity formula is PV = A / r, where A is the periodic payment to be received forever.",Option B
What type of cash flow consists of a finite set of level sequential cash flows?,"Option A: Annuity due, Option B: Ordinary annuity, Option C: Single payment, Option D: Perpetuity","Answer:
Option B: Ordinary annuity

Explanation:
An ordinary annuity consists of a finite set of level sequential cash flows at regular intervals. In an ordinary annuity, the payments are made at the end of each period, which differentiates it from an annuity due where payments are made at the beginning of each period. A single payment refers to a lump sum payment made at a specific point in time, while a perpetuity consists of an infinite set of level sequential cash flows. Therefore, the correct option for a cash flow consisting of a finite set of level sequential cash flows is an ordinary annuity.",Option B,An ordinary annuity consists of a finite set of level sequential cash flows with the first cash flow occurring one period from the present.,Option B
"How is the interest rate, r, defined in the context of time value of money?","Option A: The sum of the real risk-free interest rate and a set of premiums, Option B: The future value times the future value factor, Option C: The quoted interest rate per period, Option D: The present value divided by the future value","Answer: Option C: The quoted interest rate per period

Explanation: The interest rate, denoted as ""r,"" in the context of time value of money is typically defined as the quoted interest rate per period. This rate represents the cost of borrowing money or the return on invested funds over a specific period of time. It is the rate used to calculate the present value or future value of cash flows in financial calculations. Option C correctly defines the interest rate in this context, making it the most appropriate choice among the given options.",Option A,"The interest rate, r, is defined as the sum of the real risk-free interest rate and a set of premiums that compensate lenders for risk in time value of money calculations.",Option C
What is the future value factor formula based on the provided data?,"Option A: (1 - r)^N, Option B: (1 + r)^N, Option C: (1 + r)/N, Option D: (1 - r)/N","Answer:
Option B: (1 + r)^N

Explanation:
The future value factor formula is used to calculate the future value of an investment based on the interest rate and the number of compounding periods. The correct formula for the future value factor is (1 + r)^N, where:
- r is the interest rate per compounding period
- N is the number of compounding periods

This formula takes into account the compounding effect of interest over time, where the interest is added to the principal amount at each compounding period. Therefore, Option B: (1 + r)^N is the correct formula for calculating the future value factor based on the provided data.",Option B,"The future value, FV, is the present value, PV, times the future value factor, which is calculated as (1 + r)^N.",Option B
What is the correct formula for calculating the present value of a perpetuity based on the provided data?,"Option A: P/V = A * r, Option B: P/V = A - r, Option C: P/V = A / r, Option D: P/E = A * r","Answer: Option C: P/V = A / r

Explanation: The correct formula for calculating the present value (P/V) of a perpetuity is given by P/V = A / r, where P/V is the present value, A is the annual payment or cash flow, and r is the discount rate or interest rate. This formula represents the concept that the present value of a perpetuity is equal to the annual payment divided by the discount rate. Therefore, Option C is the correct formula for calculating the present value of a perpetuity based on the provided data.",Option C,"The present value of a perpetuity is defined as A/r, where A is the periodic payment to be received forever.",Option C
Which statement accurately describes the relationship between the stated annual interest rate and the periodic rate in the context of the provided data?,"Option A: The stated annual interest rate and the periodic rate are always equal., Option B: The periodic rate is higher than the stated annual interest rate., Option C: The stated annual interest rate is divided by the number of compounding periods per year to obtain the periodic rate., Option D: The periodic rate is not related to the stated annual interest rate.","Answer:
Option C: The stated annual interest rate is divided by the number of compounding periods per year to obtain the periodic rate.

Explanation:
The relationship between the stated annual interest rate and the periodic rate is that the stated annual interest rate needs to be divided by the number of compounding periods per year to obtain the periodic rate. This is because the periodic rate represents the interest rate for each compounding period within a year. By dividing the annual rate by the number of compounding periods, you get the rate for each period. This relationship is crucial in understanding how interest is calculated over time in different compounding scenarios.",Option C,The periodic rate is the quoted interest rate per period and is calculated by dividing the stated annual interest rate by the number of compounding periods per year.,Option C
"How is the Adjusted Funds From Operations (AFFO) per share calculated for Autier REIT over the last 12 months, based on the provided data?","Option A: $6.80., Option B: $7.16., Option C: $8.43., Option D: $6.32.","Answer:
Option B: $7.16.

Explanation:
Adjusted Funds From Operations (AFFO) per share is typically calculated by taking the Funds From Operations (FFO) and adjusting it for any recurring capital expenditures required to maintain the property portfolio. The formula for calculating AFFO per share is:

AFFO per share = (FFO - Recurring capital expenditures) / Total number of shares outstanding

Given the data provided, the AFFO per share for Autier REIT over the last 12 months has been calculated to be $7.16, as per Option B. This calculation takes into account the FFO and adjusts it for any necessary capital expenditures, providing a more accurate representation of the REIT's financial performance on a per share basis.",Option A,"The calculation involves adjusting FFO for non-cash rents and subtracting maintenance-type capital expenditures and leasing costs, then dividing the result by the number of shares outstanding to get the AFFO per share as $6.80.",Option B
The most appropriate method for estimating the intrinsic value of OceanFront is based on:,"Option A: P/AFFO., Option B: Net asset value., Option C: Discounted cash flow., Option D: Earnings per share.","Answer:
Option C: Discounted cash flow.

Explanation:
Discounted cash flow (DCF) is the most appropriate method for estimating the intrinsic value of OceanFront. DCF analysis involves estimating the future cash flows of the company and discounting them back to present value using an appropriate discount rate. This method takes into account the time value of money and provides a more comprehensive valuation of the company compared to other methods like P/AFFO, net asset value, or earnings per share. It is widely used by analysts and investors for valuation purposes as it considers the company's future cash-generating potential.",Option B,"Net asset value (NAV) is the most appropriate method to estimate the intrinsic value of OceanFront as it explicitly considers ""land held for future development"" and is not affected by changes in dividends. Given the recent acquisition of vacant lots for future high-rise condominium construction and the decrease in dividends for development purposes, NAV accurately reflects the true value of OceanFront's assets. Option A is incorrect because applying a multiple to FFO or AFFO may not capture the intrinsic value of all real estate assets. Option C is incorrect because the discounted cash flow approach is not the most suitable when a company is retaining income to fund projects. Option D is unrelated to real estate valuation methods.",Option C
"If the client implements Rousseau’s recommendation, the number of gold futures contracts in his portfolio will most likely:","Option A: Decrease., Option B: Stay the same., Option C: Increase., Option D: Fluctuate.","Answer:
Option A: Decrease.

Explanation:
Rousseau’s recommendation is likely to involve selling off some of the gold futures contracts in the client's portfolio. This action would result in a decrease in the number of gold futures contracts held by the client. Therefore, the correct answer is Option A: Decrease.",Option A,"The number of gold futures contracts in the client's portfolio will likely decrease if Rousseau's recommendation is implemented because gold futures are currently in contango. In a contango market, fewer contracts are required to maintain the same dollar exposure in gold futures due to the higher futures price in the far contract. Option B is incorrect as the number of contracts will not stay the same in a contango market. Option C is incorrect as an increase in contracts is not expected in a contango scenario. Option D is not applicable and does not align with the concept of contango in futures trading.",Option A
What is the term used for the amount by which a unit of currency will grow in a year with interest on interest included?,"Option A: Nominal rate, Option B: Effective annual rate, Option C: Real rate, Option D: Stated annual rate","Answer:
Option B: Effective annual rate

Explanation:
The term used for the amount by which a unit of currency will grow in a year with interest on interest included is the Effective Annual Rate (EAR). The Effective Annual Rate takes into account compounding, which means it considers the effect of earning interest on previously earned interest. This makes it a more accurate measure of the true annual interest rate compared to the nominal rate, which does not account for compounding.",Option B,"The effective annual rate is the amount by which a unit of currency will grow in a year with interest on interest included. It takes into account compounding within the year, providing a more accurate representation of the true growth of an investment.",Option B
What should Somer modify to best comply with the CFA Institute Standards of Professional Conduct related to performance presentation?,"Option A: text regarding Somer’s investment returns., Option B: presentation of the performance for Karibe’s representative composite., Option C: content of the disclosure statement related to assumptions and calculations., Option D: the description of the new investment strategy.","Answer: Option C: content of the disclosure statement related to assumptions and calculations.

Explanation: To best comply with the CFA Institute Standards of Professional Conduct related to performance presentation, Somer should modify the content of the disclosure statement related to assumptions and calculations. This is important to ensure transparency and accuracy in reporting performance data to clients and investors. By providing clear and detailed information about the assumptions and calculations used in presenting performance, Somer can demonstrate adherence to ethical standards and promote trust and confidence among stakeholders. It is essential to disclose all relevant information to avoid misinterpretation or misrepresentation of performance results.",Option A,Somer should modify the text regarding his investment returns to ensure they comply with the performance presentation standards of the CFA Institute.,Option C
Does Somer’s social media post result in a violation of the Standards?,"Option A: No, Option B: Yes, he violates the standard related to preservation of confidentiality., Option C: Yes, he violates the standard related to communication with clients and prospective clients., Option D: Yes, he violates the standard related to record retention.","Answer: Option B: Yes, he violates the standard related to preservation of confidentiality.

Explanation: Somer's social media post likely violates the standard related to preservation of confidentiality as social media platforms are public forums and sharing confidential information about clients or their cases can breach client confidentiality. It is important for professionals to maintain client confidentiality at all times to uphold ethical standards and protect client information. By sharing such information on social media, Somer is not preserving the confidentiality of his clients, thus violating the standard related to preservation of confidentiality.",Option C,"Somer's failure to clarify that the athlete is not his client in response to reader misunderstandings violates the standard related to communication with clients and prospective clients, as it lacks transparency, potentially misleading readers.",Option B
Which of the following premiums compensates lenders for the risk in an interest rate?,"Option A: Inflation premium, Option B: Maturity premium, Option C: Default risk premium, Option D: Liquidity premium","Answer:
Option C: Default risk premium

Explanation:
The correct premium that compensates lenders for the risk in an interest rate is the Default risk premium. This premium is the additional return that lenders require to compensate for the risk of default by the borrower. When lending money, lenders face the risk that the borrower may not be able to repay the loan, leading to a loss of principal and interest. Therefore, lenders demand a higher interest rate to compensate for this risk, which is known as the default risk premium.",Option C,"The default risk premium is one of the premiums that compensate lenders for risk associated with an interest rate, reflecting the risk of the borrower defaulting on the loan or investment.",Option C
"According to the data provided, which premium compensates lenders for the risk associated with the time value of money?","Option A: Inflation premium, Option B: Liquidity premium, Option C: Maturity premium, Option D: Default risk premium","Answer:
Option C: Maturity premium

Explanation:
The premium that compensates lenders for the risk associated with the time value of money is the Maturity premium. This premium reflects the risk that the value of money may change over time due to various factors such as inflation, interest rate changes, and economic conditions. Lenders require a maturity premium to account for this risk when lending money over an extended period.",Option D,"The data states that an interest rate can be viewed as the sum of the real risk-free interest rate and a set of premiums that compensate lenders for risk, including an inflation premium, a default risk premium, a liquidity premium, and a maturity premium.",Option C
"In time value of money problems, how is the future value (FV) calculated?","Option A: FV = PV / (1 + r)^N, Option B: FV = PV * (1 + r)^N, Option C: FV = PV * (1 - r)^N, Option D: FV = PV - (1 + r)^N","Answer:
Option B: FV = PV * (1 + r)^N

Explanation:
In time value of money problems, the future value (FV) is calculated using the formula FV = PV * (1 + r)^N, where:
- FV is the future value of the investment or loan
- PV is the present value of the investment or loan
- r is the interest rate per period
- N is the number of periods

This formula takes into account the compounding effect of interest over time. By multiplying the present value (PV) by the factor (1 + r)^N, we can calculate the future value of the investment or loan.",Option B,"The data mentions that the future value (FV) is calculated by multiplying the present value (PV) by the future value factor, which is (1 + r)^N, where r is the interest rate and N is the number of periods.",Option B
What is the present value (PV) of a perpetuity based on the provided data?,"Option A: PV = A / r, Option B: PV = r / A, Option C: PV = A + r, Option D: PV = A * r","Answer:
Option A: PV = A / r

Explanation:
In finance, the present value (PV) of a perpetuity formula is calculated as PV = A / r, where A represents the constant annual cash flow or payment from the perpetuity and r is the discount rate or interest rate.

This formula is derived from the concept that the present value of a perpetuity is equal to the annual cash flow divided by the discount rate. By dividing the constant cash flow by the discount rate, we can determine the current value of an infinite series of cash flows that will continue indefinitely into the future.

Therefore, Option A is the correct formula for calculating the present value of a perpetuity based on the provided data.",Option A,"The data states that the present value of a perpetuity is calculated as A/r, where A is the periodic payment to be received forever.",Option A
How are annuities different from single payments when analyzing time value of money?,"Option A: Annuities have varying cash flows, while single payments are constant., Option B: Annuities involve level sequential cash flows, while single payments are one-time amounts., Option C: Annuities have a higher present value compared to single payments., Option D: Annuities do not account for interest rates, unlike single payments.","Answer: Option B: Annuities involve level sequential cash flows, while single payments are one-time amounts.

Explanation: Annuities involve a series of equal cash flows at regular intervals over a specified period, while single payments are one-time lump sums. This difference in cash flow patterns is what sets annuities apart from single payments when analyzing the time value of money. The regular and equal cash flows of annuities allow for a more structured analysis of the time value of money compared to the one-time nature of single payments.",Option B,"Annuities are defined as finite sets of level sequential cash flows, while single payments are typically one-time cash flows in time value of money calculations.",Option B
What is the relationship between the interest rate and future value in the context of time value of money analysis?,"Option A: The interest rate is applied to the present value to calculate the future value., Option B: The interest rate is applied to the future value to calculate the present value., Option C: The interest rate is unrelated to the future value., Option D: The interest rate is used to calculate annuity payments.","Answer: Option A: The interest rate is applied to the present value to calculate the future value.

Explanation: In the context of time value of money analysis, the interest rate is used to calculate the future value of a present amount. This means that the interest rate is applied to the present value to determine how much it will grow over time. The relationship between the interest rate and future value is crucial in understanding the impact of interest rates on the value of money over time. This relationship is fundamental in various financial calculations, such as investments, loans, and savings.",Option A,"The interest rate is applied to the present value to calculate the future value, as stated in the data: ""The future value, FV, is the present value, PV, times the future value factor, (1 + r)^N.""",Option A
How can annuities be handled in time value of money problems to simplify calculations?,"Option A: By using single-payment factors instead of annuity factors., Option B: By ignoring annuities and focusing only on single payments., Option C: By calculating future value without considering annuities., Option D: By using annuity factors instead of single-payment factors.","Answer: Option A: By using single-payment factors instead of annuity factors.

Explanation: Annuities can be handled in time value of money problems by using single-payment factors instead of annuity factors because single-payment factors simplify the calculations by considering a lump sum payment at a single point in time rather than a series of equal payments over time. This approach helps to streamline the calculations and make them more manageable when dealing with annuities in time value of money problems.",Option D,Annuities may be handled in a similar approach as single payments if we use annuity factors rather than single-payment factors.,Option A
"In the context of time value of money analysis, what is the present value of a perpetuity formula based on?","Option A: The present value divided by the interest rate., Option B: The future value divided by the interest rate., Option C: The periodic payment and the interest rate., Option D: The periodic payment and the interest rate plus one.","Answer: Option C: The periodic payment and the interest rate.

Explanation: The present value of a perpetuity formula is based on the periodic payment and the interest rate. A perpetuity is a type of investment that pays a fixed amount of cash flow at regular intervals indefinitely. The present value of a perpetuity is calculated by dividing the periodic payment by the interest rate. This formula represents the value today of receiving a fixed payment indefinitely into the future, taking into account the time value of money.",Option C,"The present value of a perpetuity is A/r, where A is the periodic payment to be received forever, as mentioned in the data.",Option C
"According to the provided data, how should members and candidates inform clients about the investment process in compliance with the standard related to communication?","Option A: Describing the investment system in detail., Option B: Informing clients of the basic process and logic., Option C: Identifying all potential risks upfront., Option D: Withholding information about the investment process.","Answer: Option B: Informing clients of the basic process and logic.

Explanation: According to the standard related to communication, members and candidates should inform clients about the investment process by providing them with the basic process and logic involved. This approach ensures transparency and helps clients understand how their investments are being managed without overwhelming them with unnecessary details. It is important to keep clients informed while also respecting their need for clear and concise information. Option B aligns with these principles and is the most appropriate choice out of the options provided.",Option B,"""When explaining the process one 'need not describe the investment system in detail... but must inform clients of (the) basic process and logic.'""",Option B
What can an interest rate be viewed as incorporating in addition to the real risk-free interest rate?,"Option A: Inflation rate, Option B: Default premium, Option C: Maturity discount, Option D: Liquidity bonus","Answer: Option A: Inflation rate

Explanation: An interest rate can be viewed as incorporating the inflation rate in addition to the real risk-free interest rate because inflation erodes the purchasing power of money over time. Lenders and investors require compensation for the decrease in the value of money due to inflation. Therefore, interest rates typically include an inflation premium to protect lenders and investors from the loss of purchasing power. This inflation premium is added to the real risk-free interest rate to determine the nominal interest rate.",Option B,"An interest rate can be viewed as comprising the real risk-free interest rate and a set of premiums that compensate lenders for risk, such as an inflation premium, default risk premium, liquidity premium, and a maturity premium.",Option A
"When dealing with non-callable, fixed-rate corporate bonds, what is the relationship between spread duration and modified duration likely to be?","Option A: Spread duration is higher than modified duration, Option B: Spread duration is lower than modified duration, Option C: Spread duration is similar to modified duration, Option D: Spread duration is unrelated to modified duration","Answer: Option A: Spread duration is higher than modified duration

Explanation: In the case of non-callable, fixed-rate corporate bonds, spread duration measures the sensitivity of the bond's price to changes in the credit spread. Modified duration, on the other hand, measures the sensitivity of the bond's price to changes in interest rates. Since credit spread risk is typically higher than interest rate risk for corporate bonds, spread duration is generally higher than modified duration. This is because changes in credit spreads can have a larger impact on the bond's price compared to changes in interest rates.",Option C,"For non-callable, fixed-rate corporate bonds, the spread duration is generally very close to the modified duration, as interest rate changes and credit spread changes have almost identical effects on these bonds.",Option A
How can the expected 6-month excess return for a bond be estimated based on spread duration and other factors?,"Option A: Using the change in interest rates only, Option B: Incorporating credit spread changes and loss severity, Option C: Focusing on annual probability of default, Option D: Ignoring the holding period","Answer:
Option B: Incorporating credit spread changes and loss severity

Explanation:
To estimate the expected 6-month excess return for a bond, it is important to consider not only the change in interest rates but also credit spread changes and loss severity. Credit spread changes and loss severity are crucial factors that can impact the bond's performance and overall excess return. By incorporating these factors along with spread duration, a more comprehensive estimation of the expected excess return can be obtained. Therefore, Option B is the correct choice for estimating the expected 6-month excess return for a bond.",Option B,"The expected 6-month excess return for a bond can be calculated by considering factors such as spread changes, spread duration, probability of default, and loss severity, as these elements contribute to estimating the expected excess return.",Option B
"Considering various high-yield credit markets, which market would be expected to perform best in a bullish global environment?","Option A: Market 1, with high bond supply, Option B: Market 2, with moderate concentration in lower-rated bonds, Option C: Market 3, with a high concentration in lower-rated bonds and less expected supply, Option D: Market 4, with diverse bond offerings","Answer: Option D: Market 4, with diverse bond offerings

Explanation: In a bullish global environment, where investor sentiment is positive and risk appetite is high, a market with diverse bond offerings would be expected to perform best. Diverse bond offerings provide investors with a range of investment options to choose from, allowing them to spread their risk and potentially benefit from different sectors or regions that may outperform in such an environment. This diversification can help protect investors from concentrated risks and capture opportunities across various segments of the market.",Option C,"Market 3, with a high concentration in lower-rated high-yield bonds and lower expected bond supply, is likely to outperform in a bullish global environment compared to other markets due to the lower supply and higher concentration in lower-rated bonds.",Option D
What financial instrument would best suit the preferences of Apollo's client in the given context?,"Option A: Covered bonds, Option B: Asset-backed securities, Option C: Collateralized debt obligations, Option D: Corporate bonds","Answer:
Option A: Covered bonds

Explanation:
In the given context, Apollo's client is likely looking for a safe and secure financial instrument. Covered bonds are considered a relatively safe investment option as they are backed by a separate group of assets (cover pool) that remain on the issuer's balance sheet. This provides an additional layer of security for the investor, making covered bonds a suitable choice for risk-averse clients. Asset-backed securities, collateralized debt obligations, and corporate bonds may carry higher levels of risk compared to covered bonds, making Option A the best fit for Apollo's client's preferences.",Option A,"Covered bonds provide more than one source of credit protection, offering lower credit risks and yields due to dual protection for creditors in case of default.",Option A
"Under which measurement scale is data categorized, but not ranked?","Option A: An ordinal scale., Option B: A nominal scale., Option C: An interval scale., Option D: A ratio scale.","Answer: Option B: A nominal scale.

Explanation: In a nominal scale, data is categorized into distinct groups or categories without any specific order or ranking. This scale is used to label variables without any quantitative value or meaningful order. Therefore, under a nominal scale, data is categorized but not ranked, making it the correct choice for this question.",Option B,A nominal scale categorizes data without any inherent order or ranking. It only specifies different categories without indicating any hierarchy or sequencing.,Option B
Which measurement scale categorizes data but does not rank it?,"Option A: An ordinal scale., Option B: A nominal scale., Option C: An interval scale., Option D: An interval scale with ranked data.","Answer:
Option B: A nominal scale.

Explanation:
A nominal scale is a measurement scale that categorizes data into distinct categories or groups without any particular order or ranking. In a nominal scale, data is simply labeled or named, without any inherent order or ranking. This type of scale is used for qualitative data where categories are mutually exclusive and exhaustive. Therefore, a nominal scale categorizes data but does not rank it, making it the correct answer in this case.",Option B,"Data categorized but not ranked falls under a nominal scale, where variables are named or labeled but not given any specific order or ranking.",Option B
